observation_id,subject_type,subject_id,metric_code,period_type,period_value,numeric_value,text_value,unit,source_file
005930_total_assets_2025_11011,company,005930,total_assets,fiscal_year,2025,566942110000000.0,,KRW,opendart_fnlttSinglAcntAll_2025_11011
005930_equity_2025_11011,company,005930,equity,fiscal_year,2025,436320337000000.0,,KRW,opendart_fnlttSinglAcntAll_2025_11011
005930_total_liabilities_2025_11011,company,005930,total_liabilities,fiscal_year,2025,130621773000000.0,,KRW,opendart_fnlttSinglAcntAll_2025_11011
005930_operating_income_2025_11011,company,005930,operating_income,fiscal_year,2025,43601051000000.0,,KRW,opendart_fnlttSinglAcntAll_2025_11011
005930_net_income_2025_11011,company,005930,net_income,fiscal_year,2025,45206805000000.0,,KRW,opendart_fnlttSinglAcntAll_2025_11011
005930_revenue_2025_11011,company,005930,revenue,fiscal_year,2025,333605938000000.0,,KRW,opendart_fnlttSinglAcntAll_2025_11011
005930_net_income_2025_11011,company,005930,net_income,fiscal_year,2025,45206805000000.0,,KRW,opendart_fnlttSinglAcntAll_2025_11011
005930_net_income_2025_11011,company,005930,net_income,fiscal_year,2025,45206805000000.0,,KRW,opendart_fnlttSinglAcntAll_2025_11011
005930_equity_2025_11011,company,005930,equity,fiscal_year,2025,897514000000.0,,KRW,opendart_fnlttSinglAcntAll_2025_11011
005930_equity_2025_11011,company,005930,equity,fiscal_year,2025,402135600000000.0,,KRW,opendart_fnlttSinglAcntAll_2025_11011
005930_equity_2025_11011,company,005930,equity,fiscal_year,2025,16876248000000.0,,KRW,opendart_fnlttSinglAcntAll_2025_11011
005930_equity_2025_11011,company,005930,equity,fiscal_year,2025,424313255000000.0,,KRW,opendart_fnlttSinglAcntAll_2025_11011
005930_equity_2025_11011,company,005930,equity,fiscal_year,2025,12007082000000.0,,KRW,opendart_fnlttSinglAcntAll_2025_11011
005930_equity_2025_11011,company,005930,equity,fiscal_year,2025,436320337000000.0,,KRW,opendart_fnlttSinglAcntAll_2025_11011
005930_equity_2025_11011,company,005930,equity,fiscal_year,2025,4403893000000.0,,KRW,opendart_fnlttSinglAcntAll_2025_11011
005930_net_income_2025_11011,company,005930,net_income,fiscal_year,2025,44260956000000.0,,KRW,opendart_fnlttSinglAcntAll_2025_11011
005930_net_income_2025_11011,company,005930,net_income,fiscal_year,2025,945849000000.0,,KRW,opendart_fnlttSinglAcntAll_2025_11011
005930_net_income_2025_11011,company,005930,net_income,fiscal_year,2025,45206805000000.0,,KRW,opendart_fnlttSinglAcntAll_2025_11011
005930_net_income_2025_11011,company,005930,net_income,fiscal_year,2025,0.0,,KRW,opendart_fnlttSinglAcntAll_2025_11011
005930_net_income_2025_11011,company,005930,net_income,fiscal_year,2025,0.0,,KRW,opendart_fnlttSinglAcntAll_2025_11011
005930_net_income_2025_11011,company,005930,net_income,fiscal_year,2025,0.0,,KRW,opendart_fnlttSinglAcntAll_2025_11011
005930_net_income_2025_11011,company,005930,net_income,fiscal_year,2025,44260956000000.0,,KRW,opendart_fnlttSinglAcntAll_2025_11011
005380_total_assets_2025_11011,company,005380,total_assets,fiscal_year,2025,368844849000000.0,,KRW,opendart_fnlttSinglAcntAll_2025_11011
005380_equity_2025_11011,company,005380,equity,fiscal_year,2025,127648237000000.0,,KRW,opendart_fnlttSinglAcntAll_2025_11011
005380_total_liabilities_2025_11011,company,005380,total_liabilities,fiscal_year,2025,241196612000000.0,,KRW,opendart_fnlttSinglAcntAll_2025_11011
005380_operating_income_2025_11011,company,005380,operating_income,fiscal_year,2025,11467851000000.0,,KRW,opendart_fnlttSinglAcntAll_2025_11011
005380_revenue_2025_11011,company,005380,revenue,fiscal_year,2025,186254472000000.0,,KRW,opendart_fnlttSinglAcntAll_2025_11011
005380_equity_2025_11011,company,005380,equity,fiscal_year,2025,127648237000000.0,,KRW,opendart_fnlttSinglAcntAll_2025_11011
005380_equity_2025_11011,company,005380,equity,fiscal_year,2025,12201730000000.0,,KRW,opendart_fnlttSinglAcntAll_2025_11011
005380_equity_2025_11011,company,005380,equity,fiscal_year,2025,115446507000000.0,,KRW,opendart_fnlttSinglAcntAll_2025_11011
005380_equity_2025_11011,company,005380,equity,fiscal_year,2025,-374595000000.0,,KRW,opendart_fnlttSinglAcntAll_2025_11011
005380_equity_2025_11011,company,005380,equity,fiscal_year,2025,5239874000000.0,,KRW,opendart_fnlttSinglAcntAll_2025_11011
005380_equity_2025_11011,company,005380,equity,fiscal_year,2025,101311761000000.0,,KRW,opendart_fnlttSinglAcntAll_2025_11011
005380_equity_2025_11011,company,005380,equity,fiscal_year,2025,1488993000000.0,,KRW,opendart_fnlttSinglAcntAll_2025_11011
005380_equity_2025_11011,company,005380,equity,fiscal_year,2025,7780474000000.0,,KRW,opendart_fnlttSinglAcntAll_2025_11011
035720_total_assets_2025_11011,company,035720,total_assets,fiscal_year,2025,27783524545811.0,,KRW,opendart_fnlttSinglAcntAll_2025_11011
035720_equity_2025_11011,company,035720,equity,fiscal_year,2025,15224922016050.0,,KRW,opendart_fnlttSinglAcntAll_2025_11011
035720_total_liabilities_2025_11011,company,035720,total_liabilities,fiscal_year,2025,12558602529761.0,,KRW,opendart_fnlttSinglAcntAll_2025_11011
035720_operating_income_2025_11011,company,035720,operating_income,fiscal_year,2025,732036535379.0,,KRW,opendart_fnlttSinglAcntAll_2025_11011
035720_revenue_2025_11011,company,035720,revenue,fiscal_year,2025,8099147815086.0,,KRW,opendart_fnlttSinglAcntAll_2025_11011
035720_equity_2025_11011,company,035720,equity,fiscal_year,2025,44299522000.0,,KRW,opendart_fnlttSinglAcntAll_2025_11011
035720_equity_2025_11011,company,035720,equity,fiscal_year,2025,8803321034388.0,,KRW,opendart_fnlttSinglAcntAll_2025_11011
035720_equity_2025_11011,company,035720,equity,fiscal_year,2025,-173534329525.0,,KRW,opendart_fnlttSinglAcntAll_2025_11011
035720_equity_2025_11011,company,035720,equity,fiscal_year,2025,-82389035022.0,,KRW,opendart_fnlttSinglAcntAll_2025_11011
035720_equity_2025_11011,company,035720,equity,fiscal_year,2025,11276217552488.0,,KRW,opendart_fnlttSinglAcntAll_2025_11011
035720_equity_2025_11011,company,035720,equity,fiscal_year,2025,3948704463562.0,,KRW,opendart_fnlttSinglAcntAll_2025_11011
035720_equity_2025_11011,company,035720,equity,fiscal_year,2025,15224922016050.0,,KRW,opendart_fnlttSinglAcntAll_2025_11011
035720_equity_2025_11011,company,035720,equity,fiscal_year,2025,2684520360647.0,,KRW,opendart_fnlttSinglAcntAll_2025_11011
093320_total_assets_2025_11011,company,093320,total_assets,fiscal_year,2025,337890187127.0,,KRW,opendart_fnlttSinglAcntAll_2025_11011
093320_equity_2025_11011,company,093320,equity,fiscal_year,2025,248000374613.0,,KRW,opendart_fnlttSinglAcntAll_2025_11011
093320_total_liabilities_2025_11011,company,093320,total_liabilities,fiscal_year,2025,89889812514.0,,KRW,opendart_fnlttSinglAcntAll_2025_11011
093320_equity_2025_11011,company,093320,equity,fiscal_year,2025,248000374613.0,,KRW,opendart_fnlttSinglAcntAll_2025_11011
093320_equity_2025_11011,company,093320,equity,fiscal_year,2025,31010289599.0,,KRW,opendart_fnlttSinglAcntAll_2025_11011
093320_equity_2025_11011,company,093320,equity,fiscal_year,2025,2440000000.0,,KRW,opendart_fnlttSinglAcntAll_2025_11011
093320_equity_2025_11011,company,093320,equity,fiscal_year,2025,171403103566.0,,KRW,opendart_fnlttSinglAcntAll_2025_11011
093320_equity_2025_11011,company,093320,equity,fiscal_year,2025,1367824013.0,,KRW,opendart_fnlttSinglAcntAll_2025_11011
093320_equity_2025_11011,company,093320,equity,fiscal_year,2025,-2038811075.0,,KRW,opendart_fnlttSinglAcntAll_2025_11011
093320_equity_2025_11011,company,093320,equity,fiscal_year,2025,204182406103.0,,KRW,opendart_fnlttSinglAcntAll_2025_11011
093320_equity_2025_11011,company,093320,equity,fiscal_year,2025,43817968510.0,,KRW,opendart_fnlttSinglAcntAll_2025_11011
352480_total_assets_2025_11011,company,352480,total_assets,fiscal_year,2025,437835367957.0,,KRW,opendart_fnlttSinglAcntAll_2025_11011
352480_equity_2025_11011,company,352480,equity,fiscal_year,2025,354424638722.0,,KRW,opendart_fnlttSinglAcntAll_2025_11011
352480_total_liabilities_2025_11011,company,352480,total_liabilities,fiscal_year,2025,83410729235.0,,KRW,opendart_fnlttSinglAcntAll_2025_11011
352480_operating_income_2025_11011,company,352480,operating_income,fiscal_year,2025,22170749656.0,,KRW,opendart_fnlttSinglAcntAll_2025_11011
352480_net_income_2025_11011,company,352480,net_income,fiscal_year,2025,14286675994.0,,KRW,opendart_fnlttSinglAcntAll_2025_11011
352480_revenue_2025_11011,company,352480,revenue,fiscal_year,2025,288477800460.0,,KRW,opendart_fnlttSinglAcntAll_2025_11011
352480_net_income_2025_11011,company,352480,net_income,fiscal_year,2025,14286675994.0,,KRW,opendart_fnlttSinglAcntAll_2025_11011
352480_net_income_2025_11011,company,352480,net_income,fiscal_year,2025,14286675994.0,,KRW,opendart_fnlttSinglAcntAll_2025_11011
352480_net_income_2025_11011,company,352480,net_income,fiscal_year,2025,0.0,,KRW,opendart_fnlttSinglAcntAll_2025_11011
352480_net_income_2025_11011,company,352480,net_income,fiscal_year,2025,14286675994.0,,KRW,opendart_fnlttSinglAcntAll_2025_11011
352480_net_income_2025_11011,company,352480,net_income,fiscal_year,2025,0.0,,KRW,opendart_fnlttSinglAcntAll_2025_11011
352480_net_income_2025_11011,company,352480,net_income,fiscal_year,2025,0.0,,KRW,opendart_fnlttSinglAcntAll_2025_11011
352480_net_income_2025_11011,company,352480,net_income,fiscal_year,2025,0.0,,KRW,opendart_fnlttSinglAcntAll_2025_11011
352480_net_income_2025_11011,company,352480,net_income,fiscal_year,2025,0.0,,KRW,opendart_fnlttSinglAcntAll_2025_11011
352480_net_income_2025_11011,company,352480,net_income,fiscal_year,2025,14286675994.0,,KRW,opendart_fnlttSinglAcntAll_2025_11011
352480_equity_2025_11011,company,352480,equity,fiscal_year,2025,1362990100.0,,KRW,opendart_fnlttSinglAcntAll_2025_11011
352480_equity_2025_11011,company,352480,equity,fiscal_year,2025,115420935842.0,,KRW,opendart_fnlttSinglAcntAll_2025_11011
352480_equity_2025_11011,company,352480,equity,fiscal_year,2025,931239110.0,,KRW,opendart_fnlttSinglAcntAll_2025_11011
352480_equity_2025_11011,company,352480,equity,fiscal_year,2025,927731380.0,,KRW,opendart_fnlttSinglAcntAll_2025_11011
352480_equity_2025_11011,company,352480,equity,fiscal_year,2025,354424638722.0,,KRW,opendart_fnlttSinglAcntAll_2025_11011
352480_equity_2025_11011,company,352480,equity,fiscal_year,2025,0.0,,KRW,opendart_fnlttSinglAcntAll_2025_11011
352480_equity_2025_11011,company,352480,equity,fiscal_year,2025,354424638722.0,,KRW,opendart_fnlttSinglAcntAll_2025_11011
352480_equity_2025_11011,company,352480,equity,fiscal_year,2025,235781742290.0,,KRW,opendart_fnlttSinglAcntAll_2025_11011
054950_total_assets_2025_11011,company,054950,total_assets,fiscal_year,2025,319127680911.0,,KRW,opendart_fnlttSinglAcntAll_2025_11011
054950_equity_2025_11011,company,054950,equity,fiscal_year,2025,233947355120.0,,KRW,opendart_fnlttSinglAcntAll_2025_11011
054950_total_liabilities_2025_11011,company,054950,total_liabilities,fiscal_year,2025,85180325791.0,,KRW,opendart_fnlttSinglAcntAll_2025_11011
054950_operating_income_2025_11011,company,054950,operating_income,fiscal_year,2025,33276260919.0,,KRW,opendart_fnlttSinglAcntAll_2025_11011
054950_net_income_2025_11011,company,054950,net_income,fiscal_year,2025,28350804537.0,,KRW,opendart_fnlttSinglAcntAll_2025_11011
054950_net_income_2025_11011,company,054950,net_income,fiscal_year,2025,28350804537.0,,KRW,opendart_fnlttSinglAcntAll_2025_11011
054950_net_income_2025_11011,company,054950,net_income,fiscal_year,2025,28350804537.0,,KRW,opendart_fnlttSinglAcntAll_2025_11011
054950_equity_2025_11011,company,054950,equity,fiscal_year,2025,233947355120.0,,KRW,opendart_fnlttSinglAcntAll_2025_11011
054950_equity_2025_11011,company,054950,equity,fiscal_year,2025,0.0,,KRW,opendart_fnlttSinglAcntAll_2025_11011
054950_equity_2025_11011,company,054950,equity,fiscal_year,2025,233947355120.0,,KRW,opendart_fnlttSinglAcntAll_2025_11011
054950_equity_2025_11011,company,054950,equity,fiscal_year,2025,6044946000.0,,KRW,opendart_fnlttSinglAcntAll_2025_11011
054950_equity_2025_11011,company,054950,equity,fiscal_year,2025,184838476409.0,,KRW,opendart_fnlttSinglAcntAll_2025_11011
054950_equity_2025_11011,company,054950,equity,fiscal_year,2025,20878165234.0,,KRW,opendart_fnlttSinglAcntAll_2025_11011
054950_equity_2025_11011,company,054950,equity,fiscal_year,2025,-23092271820.0,,KRW,opendart_fnlttSinglAcntAll_2025_11011
054950_equity_2025_11011,company,054950,equity,fiscal_year,2025,45278039297.0,,KRW,opendart_fnlttSinglAcntAll_2025_11011
054950_net_income_2025_11011,company,054950,net_income,fiscal_year,2025,28350804537.0,,KRW,opendart_fnlttSinglAcntAll_2025_11011
054950_net_income_2025_11011,company,054950,net_income,fiscal_year,2025,0.0,,KRW,opendart_fnlttSinglAcntAll_2025_11011
054950_net_income_2025_11011,company,054950,net_income,fiscal_year,2025,28350804537.0,,KRW,opendart_fnlttSinglAcntAll_2025_11011
054950_net_income_2025_11011,company,054950,net_income,fiscal_year,2025,0.0,,KRW,opendart_fnlttSinglAcntAll_2025_11011
054950_net_income_2025_11011,company,054950,net_income,fiscal_year,2025,0.0,,KRW,opendart_fnlttSinglAcntAll_2025_11011
054950_net_income_2025_11011,company,054950,net_income,fiscal_year,2025,28350804537.0,,KRW,opendart_fnlttSinglAcntAll_2025_11011
054950_net_income_2025_11011,company,054950,net_income,fiscal_year,2025,0.0,,KRW,opendart_fnlttSinglAcntAll_2025_11011
054950_net_income_2025_11011,company,054950,net_income,fiscal_year,2025,0.0,,KRW,opendart_fnlttSinglAcntAll_2025_11011
213420_total_assets_2025_11011,company,213420,total_assets,fiscal_year,2025,714152331754.0,,KRW,opendart_fnlttSinglAcntAll_2025_11011
213420_equity_2025_11011,company,213420,equity,fiscal_year,2025,470459612961.0,,KRW,opendart_fnlttSinglAcntAll_2025_11011
213420_total_liabilities_2025_11011,company,213420,total_liabilities,fiscal_year,2025,243692718793.0,,KRW,opendart_fnlttSinglAcntAll_2025_11011
213420_operating_income_2025_11011,company,213420,operating_income,fiscal_year,2025,60742428308.0,,KRW,opendart_fnlttSinglAcntAll_2025_11011
213420_net_income_2025_11011,company,213420,net_income,fiscal_year,2025,53957306202.0,,KRW,opendart_fnlttSinglAcntAll_2025_11011
213420_revenue_2025_11011,company,213420,revenue,fiscal_year,2025,344309797191.0,,KRW,opendart_fnlttSinglAcntAll_2025_11011
213420_equity_2025_11011,company,213420,equity,fiscal_year,2025,451843499471.0,,KRW,opendart_fnlttSinglAcntAll_2025_11011
213420_equity_2025_11011,company,213420,equity,fiscal_year,2025,18616113490.0,,KRW,opendart_fnlttSinglAcntAll_2025_11011
213420_equity_2025_11011,company,213420,equity,fiscal_year,2025,470459612961.0,,KRW,opendart_fnlttSinglAcntAll_2025_11011
213420_equity_2025_11011,company,213420,equity,fiscal_year,2025,-6904801902.0,,KRW,opendart_fnlttSinglAcntAll_2025_11011
213420_equity_2025_11011,company,213420,equity,fiscal_year,2025,138602045860.0,,KRW,opendart_fnlttSinglAcntAll_2025_11011
213420_equity_2025_11011,company,213420,equity,fiscal_year,2025,4966235800.0,,KRW,opendart_fnlttSinglAcntAll_2025_11011
213420_equity_2025_11011,company,213420,equity,fiscal_year,2025,315180019713.0,,KRW,opendart_fnlttSinglAcntAll_2025_11011
213420_net_income_2025_11011,company,213420,net_income,fiscal_year,2025,53190500581.0,,KRW,opendart_fnlttSinglAcntAll_2025_11011
213420_net_income_2025_11011,company,213420,net_income,fiscal_year,2025,53957306202.0,,KRW,opendart_fnlttSinglAcntAll_2025_11011
213420_net_income_2025_11011,company,213420,net_income,fiscal_year,2025,766805621.0,,KRW,opendart_fnlttSinglAcntAll_2025_11011
213420_net_income_2025_11011,company,213420,net_income,fiscal_year,2025,53190500581.0,,KRW,opendart_fnlttSinglAcntAll_2025_11011
189300_revenue_2025_11011,company,189300,revenue,fiscal_year,2025,319628351040.0,,KRW,opendart_fnlttSinglAcntAll_2025_11011
